,Q,A
1,What is the fee for Business Analytics?,"UK - £19,400, and Overseas - £35,100"
2,What is the fee for MSc of Business Analytics?,"UK - £19,400, and Overseas - £35,100"
3,What's the masters fee for business analytics?,"UK - £19,400, and Overseas - £35,100"
4,How much does it cost for international student to study MSc Business Analytics?,"UK - £19,400, and Overseas - £35,100"
5,How much is it for overseas student to study Business Analytics?,"UK - £19,400, and Overseas - £35,100"
6,How much is it for international student to study Business Analytics?,"UK - £19,400, and Overseas - £35,100"
7,How much does it cost for overseas student to study Business Analytics?,"UK - £19,400, and Overseas - £35,100"
8,How much does it cost for UK student to study MSc Business Analytics?,"UK - £19,400"
9,How much is it for UK student to study Business Analytics?,"UK - £19,400"
10,How much is it for local student to study Business Analytics?,"UK - £19,400"
11,How much does it cost for local student to study Business Analytics?,"UK - £19,400"
12,How much does it cost for the MSc Business Analytics,"UK - £19,400, and Overseas - £35,100"
13,What is the entry requirement of the BA program?,Minimum of 2:1 or equivalent in a relevant discipline
14,Entry requirement for Business Analytics program?,Minimum of 2:1 or equivalent in a relevant discipline
15,What is the minimum entry requirement of the MSc BA program?,Minimum of 2:1 or equivalent in a relevant discipline
16,"For BA programme, what is the lowest entry requirement?",Minimum of 2:1 or equivalent in a relevant discipline
17,"For Business Analytics programme, what is the lowest entry requirement?",Minimum of 2:1 or equivalent in a relevant discipline
18,"For MSc Business Analytics programme, what is the lowest entry requirement?",Minimum of 2:1 or equivalent in a relevant discipline
19,"For BA programme, what is the minimum entry requirement?",Minimum of 2:1 or equivalent in a relevant discipline
20,"For Business Analytics programme, what is the minimum entry requirement?",Minimum of 2:1 or equivalent in a relevant discipline
21,"For MSc Business Analytics programme, what is the minimum entry requirement?",Minimum of 2:1 or equivalent in a relevant discipline
22,How do I know if I meet the requirement of MSc Business Analytics?,Minimum of 2:1 or equivalent in a relevant discipline
23,Do I need to know coding to study the BA program?,"Yes, we would recommend you have experience of using a programming language"
24,Is it necessary to know coding in order to study the BA program?,"Yes, we would recommend you have experience of using a programming language"
25,Is it recommend to learn coding prior to the start of BA program?,"Yes, we would recommend you have experience of using a programming language"
26,Is learning coding before the start of BA program necessary?,"Yes, we would recommend you have experience of using a programming language"
27,Do I need to have programming skills for the BA program?,"Yes, we would recommend you have experience of using a programming language"
28,Is coding need to study the BA Program?,"Yes, we would recommend you have experience of using a programming language"
29,Is programming skills necessary for MSc Business Analytics?,"Yes, we would recommend you have experience of using a programming language"
30,Is programming skills need to study the BA Program?,"Yes, we would recommend you have experience of using a programming language"
31,Is it necessary to have programming skills in order to study the BA program?,"Yes, we would recommend you have experience of using a programming language"
32,Is it recommended to have programming experience prior to the start of BA program?,"Yes, we would recommend you have experience of using a programming language"
33,Is learning coding before the start of BA program necessary?,"Yes, we would recommend you have experience of using a programming language"
34,Is programming skills necessary for MSc Business Analytics?,"Yes, we would recommend you have experience of using a programming language"
35,Is coding skills necessary for MSc Business Analytics?,"Yes, we would recommend you have experience of using a programming language"
36,What kind of education background is required for the Business Analytics program?,"a range of degrees including business, engineering, computer science, economics, and psychology."
37,What Education backgrund is needed for BA?,"a range of degrees including business, engineering, computer science, economics, and psychology."
38,What education background is needed for Business Analytics Programme?,"a range of degrees including business, engineering, computer science, economics, and psychology."
39,"For Business Analytics Prgrame, what previous education are you looking for?","a range of degrees including business, engineering, computer science, economics, and psychology."
40,"For Business Analytics Prgrame, what education background is needed?","a range of degrees including business, engineering, computer science, economics, and psychology."
41,"For BA programme, what education background is needed?","a range of degrees including business, engineering, computer science, economics, and psychology."
42,"For Business Analytics Prgrame, what kind of education background are you looking for?","a range of degrees including business, engineering, computer science, economics, and psychology."
43,"For Business Analytics Prgrame, what kind of education background is needed?","a range of degrees including business, engineering, computer science, economics, and psychology."
44,"For BA programme, what kind of education background is needed?","a range of degrees including business, engineering, computer science, economics, and psychology."
45,What are the core modules in the Business Analytics program?,"Core modules in Programming for Business Analytics and Predictive Analytics in Terms 1 and 2 respectively, provide a foundation in delivering an analytical solution that flows naturally into the Term 3 Consulting Project/Dissertation."
46,What are the core modules in the BA program?,"Core modules in Programming for Business Analytics and Predictive Analytics in Terms 1 and 2 respectively, provide a foundation in delivering an analytical solution that flows naturally into the Term 3 Consulting Project/Dissertation."
47,What core modules are taught in the BA program?,"Core modules in Programming for Business Analytics and Predictive Analytics in Terms 1 and 2 respectively, provide a foundation in delivering an analytical solution that flows naturally into the Term 3 Consulting Project/Dissertation."
48,What core modules are taught in the Business Analytics program?,"Core modules in Programming for Business Analytics and Predictive Analytics in Terms 1 and 2 respectively, provide a foundation in delivering an analytical solution that flows naturally into the Term 3 Consulting Project/Dissertation."
49,Core modules of BA program?,"Core modules in Programming for Business Analytics and Predictive Analytics in Terms 1 and 2 respectively, provide a foundation in delivering an analytical solution that flows naturally into the Term 3 Consulting Project/Dissertation."
50,Core modules of Business analytics program?,"Core modules in Programming for Business Analytics and Predictive Analytics in Terms 1 and 2 respectively, provide a foundation in delivering an analytical solution that flows naturally into the Term 3 Consulting Project/Dissertation."
51,What core modules are included in the BA Program?,"Core modules in Programming for Business Analytics and Predictive Analytics in Terms 1 and 2 respectively, provide a foundation in delivering an analytical solution that flows naturally into the Term 3 Consulting Project/Dissertation."
52,What core modules are included in the Business analytics program?,"Core modules in Programming for Business Analytics and Predictive Analytics in Terms 1 and 2 respectively, provide a foundation in delivering an analytical solution that flows naturally into the Term 3 Consulting Project/Dissertation."
53,How many modules do I need to study in MSc Business Analytics?,"students undertake six core modules, two optional modules and complete a Consulting Project/Dissertation."
54,How many modules do I need to do in BA?,"students undertake six core modules, two optional modules and complete a Consulting Project/Dissertation."
55,How many modules are required for the BA program?,"students undertake six core modules, two optional modules and complete a Consulting Project/Dissertation."
56,What the amount of modules that a student is required to take for the BA program?,"students undertake six core modules, two optional modules and complete a Consulting Project/Dissertation."
57,What is the number of modules that are required to take for BA program?,"students undertake six core modules, two optional modules and complete a Consulting Project/Dissertation."
58,How many modules are required to take for the BA program?,"students undertake six core modules, two optional modules and complete a Consulting Project/Dissertation."
59,How many modules are required for the Business Analytics?,"students undertake six core modules, two optional modules and complete a Consulting Project/Dissertation."
60,What the amount of modules that a student is required to take for Business Analytics?,"students undertake six core modules, two optional modules and complete a Consulting Project/Dissertation."
61,What is the number of modules that are required to take for Business Analytics?,"students undertake six core modules, two optional modules and complete a Consulting Project/Dissertation."
62,How many modules are required to take for Business Analytics?,"students undertake six core modules, two optional modules and complete a Consulting Project/Dissertation."
63,When will the MSc Business Analytics program start in 2023?,September 2022
64,When is the start date of MSc Business Analytics for 2023?,September 2022
65,"For 2023/24 academic year, when will the start date be for Business Analytics?",September 2022
66,When will the MSc Business Analytics program start for 2023/24 academic year?,September 2022
67,What is the start date for MSc Business Analytics for 2023 academic year?,September 2022
68,When will the BA program start in 2023?,September 2022
69,When is the start date of BA for 2023?,September 2022
70,"For 2023/24 academic year, when will the start date be for BA program?",September 2022
71,When will the BA program start for 2023/24 academic year?,September 2022
72,What is the start date for BA for 2023 academic year?,September 2022
73,How long is the Business Analytics program?,12 months full-time
74,What is the length of Business Analytics programme?,12 months full-time
75,How long does the full time business analytics program last?,12 months full-time
76,How long does the business analytics program last?,12 months full-time
77,What is the length of a full time Business Analytics program?,12 months full-time
78,How long is the BA program?,12 months full-time
79,What is the length of BA program?,12 months full-time
80,How long does the full time BA programme last?,12 months full-time
81,How long does the BA programme last?,12 months full-time
82,What is the length of a full time BA program?,12 months full-time
83,"I have several years of working experience, am I eligible for the BA program?","We are looking for intellectually curious, self-motivated students who are passionate about business, technology and data."
84,Am I eligible for BA programme if I have worked a couple years?,"We are looking for intellectually curious, self-motivated students who are passionate about business, technology and data."
85,Am I eligible for BA programme if I have worked for several years?,"We are looking for intellectually curious, self-motivated students who are passionate about business, technology and data."
86,Am I still eligible BA program if I have worked for a few years?,"We are looking for intellectually curious, self-motivated students who are passionate about business, technology and data."
87,Am I eligible to apply for BA program if I have a few years working experince?,"We are looking for intellectually curious, self-motivated students who are passionate about business, technology and data."
88,"I have worked for several year, am I eligible for BA program?","We are looking for intellectually curious, self-motivated students who are passionate about business, technology and data."
89,"I have worked for several years, am I eligible to apply for BA programme?","We are looking for intellectually curious, self-motivated students who are passionate about business, technology and data."
90,"I have been working for a few years, am I eligible to apply for BA program?","We are looking for intellectually curious, self-motivated students who are passionate about business, technology and data."
91,"I have several years of working experience, am I eligible for the Business Analytics program?","We are looking for intellectually curious, self-motivated students who are passionate about business, technology and data."
92,Am I eligible for MSc Business Analytics program if I have worked a couple years?,"We are looking for intellectually curious, self-motivated students who are passionate about business, technology and data."
93,Am I eligible for Business Analytics programme if I have worked for several years?,"We are looking for intellectually curious, self-motivated students who are passionate about business, technology and data."
94,Am I still eligible MSc Business Analytics programme if I have worked for a few years?,"We are looking for intellectually curious, self-motivated students who are passionate about business, technology and data."
95,Am I eligible to apply for Business Analytic program if I have a few years working experince?,"We are looking for intellectually curious, self-motivated students who are passionate about business, technology and data."
96,"I have worked for several year, am I eligible for MSc Business Analytics programme?","We are looking for intellectually curious, self-motivated students who are passionate about business, technology and data."
97,"I have worked for several years, am I eligible to apply for Business Analytics programme?","We are looking for intellectually curious, self-motivated students who are passionate about business, technology and data."
98,"I have been working for a few years, am I eligible to apply for BMSc Business Analytics programme?","We are looking for intellectually curious, self-motivated students who are passionate about business, technology and data."
99,What kind of documents do I need to submit in the application of MSc Business Analytics?,"You will need to include a degree transcript in one of the suggested disciplines, two references, and a personal statement. Overseas applicants should also supply evidence of their English language ability usually via an IELTS test."
100,What documents are required for the application fo MSc Business Analytics Programme?,"You will need to include a degree transcript in one of the suggested disciplines, two references, and a personal statement. Overseas applicants should also supply evidence of their English language ability usually via an IELTS test."
101,What documents do I need to submit for the application of Business Analytics Master Programme?,"You will need to include a degree transcript in one of the suggested disciplines, two references, and a personal statement. Overseas applicants should also supply evidence of their English language ability usually via an IELTS test."
102,Do you have a list of documents that are mandatory for the application of Business Analytics Master Programme?,"You will need to include a degree transcript in one of the suggested disciplines, two references, and a personal statement. Overseas applicants should also supply evidence of their English language ability usually via an IELTS test."
103,Can you please provide a document list for the application of MSc Business Analytics?,"You will need to include a degree transcript in one of the suggested disciplines, two references, and a personal statement. Overseas applicants should also supply evidence of their English language ability usually via an IELTS test."
104,What documents are mandatory for applying MSc Business Analytics?,"You will need to include a degree transcript in one of the suggested disciplines, two references, and a personal statement. Overseas applicants should also supply evidence of their English language ability usually via an IELTS test."
105,Is there a list of mandatory documents that needed to be submitted for the application of MSc Business Analytics?,"You will need to include a degree transcript in one of the suggested disciplines, two references, and a personal statement. Overseas applicants should also supply evidence of their English language ability usually via an IELTS test."
106,Is there a required documents list for the application of MSc Business Analytics?,"You will need to include a degree transcript in one of the suggested disciplines, two references, and a personal statement. Overseas applicants should also supply evidence of their English language ability usually via an IELTS test."
107,Are there any documents that are mandatory for the application of Business Analytics Master Program?,"You will need to include a degree transcript in one of the suggested disciplines, two references, and a personal statement. Overseas applicants should also supply evidence of their English language ability usually via an IELTS test."
108,Can you provide the mandatory document list for the Master of Business Analytics programme?,"You will need to include a degree transcript in one of the suggested disciplines, two references, and a personal statement. Overseas applicants should also supply evidence of their English language ability usually via an IELTS test."
109,What are the mandatory documents to be submitted for MSc Business Analytics's application?,"You will need to include a degree transcript in one of the suggested disciplines, two references, and a personal statement. Overseas applicants should also supply evidence of their English language ability usually via an IELTS test."
110,What kind of documents do I need to submit in the application of BA programme?,"You will need to include a degree transcript in one of the suggested disciplines, two references, and a personal statement. Overseas applicants should also supply evidence of their English language ability usually via an IELTS test."
111,What documents are required for the application for the Master of BA?,"You will need to include a degree transcript in one of the suggested disciplines, two references, and a personal statement. Overseas applicants should also supply evidence of their English language ability usually via an IELTS test."
112,Do you have a list of documents that are mandatory for the application of MSc BA Programme?,"You will need to include a degree transcript in one of the suggested disciplines, two references, and a personal statement. Overseas applicants should also supply evidence of their English language ability usually via an IELTS test."
113,Can you please provide a document list for the application of MSc BA?,"You will need to include a degree transcript in one of the suggested disciplines, two references, and a personal statement. Overseas applicants should also supply evidence of their English language ability usually via an IELTS test."
114,What documents are mandatory for applying the BA Programme?,"You will need to include a degree transcript in one of the suggested disciplines, two references, and a personal statement. Overseas applicants should also supply evidence of their English language ability usually via an IELTS test."
115,Is there a list of mandatory documents that needed to be submitted for the application of BA Master?,"You will need to include a degree transcript in one of the suggested disciplines, two references, and a personal statement. Overseas applicants should also supply evidence of their English language ability usually via an IELTS test."
116,Is there a required documents list for the application of MSc BA programme?,"You will need to include a degree transcript in one of the suggested disciplines, two references, and a personal statement. Overseas applicants should also supply evidence of their English language ability usually via an IELTS test."
117,Are there any documents that are mandatory for the application of BA programme?,"You will need to include a degree transcript in one of the suggested disciplines, two references, and a personal statement. Overseas applicants should also supply evidence of their English language ability usually via an IELTS test."
118,Can you provide the mandatory document list for the Master of BA?,"You will need to include a degree transcript in one of the suggested disciplines, two references, and a personal statement. Overseas applicants should also supply evidence of their English language ability usually via an IELTS test."
119,What are the mandatory documents to be submitted for BA Master's application?,"You will need to include a degree transcript in one of the suggested disciplines, two references, and a personal statement. Overseas applicants should also supply evidence of their English language ability usually via an IELTS test."
120,What is the application deadline of MSc Business Analytics?,31 March 2022
121,When is the application deadline for MSc Business Analytics?,31 March 2022
122,When is the exact deadline for MSc Business Analytics' application?,31 March 2022
123,What is the deadline for MSc Business Analytics' application?,31 March 2022
124,May I know when is the deadline for applying MSc Business analytics?,31 March 2022
125,When is the deadline for applying for MSc Business analytics?,31 March 2022
126,May I know the application deadline of Master of Business Analytics?,31 March 2022
127,What is the application deadline of BA Master programme?,31 March 2022
128,When is the application deadline for MSc BA?,31 March 2022
129,When is the exact deadline for BA programme application?,31 March 2022
130,What is the deadline for MSc BA programme application?,31 March 2022
131,May I know when is the deadline for applying BA Master?,31 March 2022
132,When is the deadline for applying for BA Master?,31 March 2022
133,May I know the application deadline of Master in BA?,31 March 2022
134,Is there any scholarship for the MSc Business Analytics program?,Scholarships are available through UCL for all years of study.
135,Can I get a scholarship for MSc Business Analytics program?,Scholarships are available through UCL for all years of study.
136,Is there any fundings or scholarship available forBusiness Analytics programme?,Scholarships are available through UCL for all years of study.
137,Is there any scholarship available for MSc Business Analytics program?,Scholarships are available through UCL for all years of study.
138,Can I apply for scholarship for MSc Business Analytics programme?,Scholarships are available through UCL for all years of study.
139,Does UCL provide scholarship for Business Analytics program?,Scholarships are available through UCL for all years of study.
140,Is there any scholarship for the BA Master Programme?,Scholarships are available through UCL for all years of study.
141,Can I get a scholarship for BA?,Scholarships are available through UCL for all years of study.
142,Is there any fundings or scholarship available for master in BA?,Scholarships are available through UCL for all years of study.
143,Is there any scholarship available for ba?,Scholarships are available through UCL for all years of study.
144,Can I apply for scholarship for BA  programme?,Scholarships are available through UCL for all years of study.
145,Does UCL provide scholarship for ba master?,Scholarships are available through UCL for all years of study.
146,How can I apply for the scholarship for the BA program?,Information about the School’s scholarships and financial assistance is available here .
147,How do I apply for scholarship for BA programme?,Information about the School’s scholarships and financial assistance is available here .
148,Do you have any details on scholarship for BA program?,Information about the School’s scholarships and financial assistance is available here .
149,What's the procedure in applying scholarship for ba?,Information about the School’s scholarships and financial assistance is available here .
150,Ba scholarship application details please?,Information about the School’s scholarships and financial assistance is available here .
151,What's the process of applying scholarship and funding for ba master?,Information about the School’s scholarships and financial assistance is available here .
152,Is it easy to apply scholarship for Ba Master programmer?,Information about the School’s scholarships and financial assistance is available here .
153,Is scholarship for ba master very competitive?,Information about the School’s scholarships and financial assistance is available here .
154,What quality do I have to demonstrate in order to get the scholarship for BA programme?,Information about the School’s scholarships and financial assistance is available here .
155,Is it easy to get scholarship for ba master program?,Information about the School’s scholarships and financial assistance is available here .
156,Is it difficult to get scholarship for BA Program?,Information about the School’s scholarships and financial assistance is available here .
157,How difficult it is to get a scholarship for BA master?,Information about the School’s scholarships and financial assistance is available here .
158,What do I need to demonstrate in order to get the scholarship for BA master programme?,Information about the School’s scholarships and financial assistance is available here .
159,How can I apply for the scholarship for the MSc Business Analytics?,Information about the School’s scholarships and financial assistance is available here .
160,How do I apply for scholarship for Business Analytics?,Information about the School’s scholarships and financial assistance is available here .
161,Do you have any details on scholarship for MSc Business Analytics?,Information about the School’s scholarships and financial assistance is available here .
162,What's the procedure in applying scholarship for business analytics?,Information about the School’s scholarships and financial assistance is available here .
163,MSc Business Analytics scholarship application details please?,Information about the School’s scholarships and financial assistance is available here .
164,What's the process of applying scholarship and funding for business analytics master?,Information about the School’s scholarships and financial assistance is available here .
165,Is it easy to apply scholarship for Business analytics Master programme?,Information about the School’s scholarships and financial assistance is available here .
166,Is scholarship for Master of Business analytics very competitive?,Information about the School’s scholarships and financial assistance is available here .
167,What quality do I have to demonstrate in order to get the scholarship for MSc Business Analytics?,Information about the School’s scholarships and financial assistance is available here .
168,Is it easy to get scholarship for business analytics master program?,Information about the School’s scholarships and financial assistance is available here .
169,Is it difficult to get scholarship for Business Analytics programme?,Information about the School’s scholarships and financial assistance is available here .
170,How difficult it is to get a scholarship for MSc Business Analytics program?,Information about the School’s scholarships and financial assistance is available here .
171,What do I need to demonstrate in order to get the scholarship for Business Analytics master programme?,Information about the School’s scholarships and financial assistance is available here .
172,How many references do I need to submit for my application to the BA program?,two references
173,Is there a minimum amount of reference that I need to submit for applying ba programme?,two references
174,How many references are required for applying BA program?,two references
175,How many references are required for my application for Ba programme?,two references
176,What is the number of references that are required for BA program's application?,two references
177,How many references are needed for applying ba master program?,two references
178,How many references am I required to provide for BA master program?,two references
179,How many references do I need to submit for my application to Business Analytics program?,two references
180,Is there a minimum amount of reference that I need to submit for applying master in business analytics?,two references
181,How many references are required for applying business Analytics program?,two references
182,How many references are required for my application for Business analytic programme?,two references
183,What is the number of references that are required for MSc Business Analytics' application?,two references
184,How many references are needed for applying business analytics master program?,two references
185,How many references am I required to provide for Business Analytics master program?,two references
186,Which kind of Bachelor's degree is preferred for MSc Business Analytics?,upper second-class Bachelor’s degree from a UK university or an overseas equivalent and a strong aptitude for quantitative analysis
187,Is there a preferred bachelor degree for MSc Business Analytics?,upper second-class Bachelor’s degree from a UK university or an overseas equivalent and a strong aptitude for quantitative analysis
188,What Bachelor degree is expected for msc business analytics?,upper second-class Bachelor’s degree from a UK university or an overseas equivalent and a strong aptitude for quantitative analysis
189,Is there a specific bachelor degree requirement for business analytic?,upper second-class Bachelor’s degree from a UK university or an overseas equivalent and a strong aptitude for quantitative analysis
190,What is the bachelor degree requirement for Business analytic?,upper second-class Bachelor’s degree from a UK university or an overseas equivalent and a strong aptitude for quantitative analysis
191,"For MSc business analytics, is there any bachelor degree that are more favourable?",upper second-class Bachelor’s degree from a UK university or an overseas equivalent and a strong aptitude for quantitative analysis
192,Which kind of Bachelor's degree is preferred for ba master?,upper second-class Bachelor’s degree from a UK university or an overseas equivalent and a strong aptitude for quantitative analysis
193,Is there a preferred bachelor degree for MSc BA?,upper second-class Bachelor’s degree from a UK university or an overseas equivalent and a strong aptitude for quantitative analysis
194,What Bachelor degree is expected for msc BA?,upper second-class Bachelor’s degree from a UK university or an overseas equivalent and a strong aptitude for quantitative analysis
195,Is there a specific bachelor degree requirement for BA master program?,upper second-class Bachelor’s degree from a UK university or an overseas equivalent and a strong aptitude for quantitative analysis
196,What is the bachelor degree requirement for ba MSC?,upper second-class Bachelor’s degree from a UK university or an overseas equivalent and a strong aptitude for quantitative analysis
197,"For MSC ba, is there any bachelor degree that are more favourable?",upper second-class Bachelor’s degree from a UK university or an overseas equivalent and a strong aptitude for quantitative analysis
198,When does MSc Business Analytics open for application?,18 October 2021
199,When is the application going to be open for Business analytics?,18 October 2021
200,What is the opening date for MSC Business Analytics' application?,18 October 2021
201,When should I apply for business analytics?,18 October 2021
202,What is the application period for msc business analytics?,open on 18 October 2021 and close on 31 March 2022
203,When does application open for Msc Business analytics?,18 October 2021
204,When's the earliest I can apply for business analytics?,18 October 2021
205,What is the earliest date I can apply for Business analytics programme?,18 October 2021
206,When does master of ba open for application?,18 October 2021
207,When is the application going to be open for msc BA?,18 October 2021
208,What is the opening date for ba application?,18 October 2021
209,When should I apply for master of BA?,18 October 2021
210,What is the application period for msc ba?,open on 18 October 2021 and close on 31 March 2022
211,When does application open for BA master?,18 October 2021
212,When's the earliest I can apply for BA Master?,18 October 2021
213,What is the earliest date I can apply for master BA programme?,18 October 2021
214,How many terms are there in the MSc Business Analytics?,"The majority of teaching finishes at the end of Term Two, allowing students to prepare for the dissertation project. Please see UCL term dates , noting the term date exceptions which apply to Postgraduate students."
215,"For Business Analytics, how many terms are in a year?","The majority of teaching finishes at the end of Term Two, allowing students to prepare for the dissertation project. Please see UCL term dates , noting the term date exceptions which apply to Postgraduate students."
216,How many terms am I expected to study for Master of Business Analytics?,"The majority of teaching finishes at the end of Term Two, allowing students to prepare for the dissertation project. Please see UCL term dates , noting the term date exceptions which apply to Postgraduate students."
217,How many teaching terms am I expected to study for MSc Business Analytics?,"The majority of teaching finishes at the end of Term Two, allowing students to prepare for the dissertation project. Please see UCL term dates , noting the term date exceptions which apply to Postgraduate students."
218,"For Business Analytics, how many teaching terms are in a year?","The majority of teaching finishes at the end of Term Two, allowing students to prepare for the dissertation project. Please see UCL term dates , noting the term date exceptions which apply to Postgraduate students."
219,How many terms are there in the BA course?,"The majority of teaching finishes at the end of Term Two, allowing students to prepare for the dissertation project. Please see UCL term dates , noting the term date exceptions which apply to Postgraduate students."
220,"For Business Analytics master course, how many terms are in a year?","The majority of teaching finishes at the end of Term Two, allowing students to prepare for the dissertation project. Please see UCL term dates , noting the term date exceptions which apply to Postgraduate students."
221,How many terms am I expected to study for Master course for ba?,"The majority of teaching finishes at the end of Term Two, allowing students to prepare for the dissertation project. Please see UCL term dates , noting the term date exceptions which apply to Postgraduate students."
222,How many teaching terms am I expected to study for master in business analytic?,"The majority of teaching finishes at the end of Term Two, allowing students to prepare for the dissertation project. Please see UCL term dates , noting the term date exceptions which apply to Postgraduate students."
223,"For the master course in business analytics, how many teaching terms are in a year?","The majority of teaching finishes at the end of Term Two, allowing students to prepare for the dissertation project. Please see UCL term dates , noting the term date exceptions which apply to Postgraduate students."
224,What kind of programming skills can I expect to learn in the MSc Business Analytics?,"The core elements of the programme are delivered in Python. In other modules we also use; R, Stata and JavaScript but Python is the main language used."
225,What programming langauge will I learn during Business analytics master course?,"The core elements of the programme are delivered in Python. In other modules we also use; R, Stata and JavaScript but Python is the main language used."
226,What programming langauge can I expect to learn in the master course in Business Analytics?,"The core elements of the programme are delivered in Python. In other modules we also use; R, Stata and JavaScript but Python is the main language used."
227,What kind of programming skills will I learn during MSc Business analytics master course?,"The core elements of the programme are delivered in Python. In other modules we also use; R, Stata and JavaScript but Python is the main language used."
228,Which programming language do you use for your business analytics master?,"The core elements of the programme are delivered in Python. In other modules we also use; R, Stata and JavaScript but Python is the main language used."
229,What programming language do you use for the master of business analytics?,"The core elements of the programme are delivered in Python. In other modules we also use; R, Stata and JavaScript but Python is the main language used."
230,What are the programming language that I will learn throughout my studies in MSc Business Analytics?,"The core elements of the programme are delivered in Python. In other modules we also use; R, Stata and JavaScript but Python is the main language used."
231,Which kind of programming language are we going to use for my studies in business analytics course.,"The core elements of the programme are delivered in Python. In other modules we also use; R, Stata and JavaScript but Python is the main language used."
232,What kind of programming skills can I expect to learn in the BA?,"The core elements of the programme are delivered in Python. In other modules we also use; R, Stata and JavaScript but Python is the main language used."
233,What programming langauge will I learn during ba master course?,"The core elements of the programme are delivered in Python. In other modules we also use; R, Stata and JavaScript but Python is the main language used."
234,What programming langauge can I expect to learn in the master course in BA?,"The core elements of the programme are delivered in Python. In other modules we also use; R, Stata and JavaScript but Python is the main language used."
235,What kind of programming skills will I learn during MSc BA?,"The core elements of the programme are delivered in Python. In other modules we also use; R, Stata and JavaScript but Python is the main language used."
236,Which programming language do you use for your ba master?,"The core elements of the programme are delivered in Python. In other modules we also use; R, Stata and JavaScript but Python is the main language used."
237,What programming language do you use for the master course of ba?,"The core elements of the programme are delivered in Python. In other modules we also use; R, Stata and JavaScript but Python is the main language used."
238,What are the programming language that I will learn throughout my studies in BA?,"The core elements of the programme are delivered in Python. In other modules we also use; R, Stata and JavaScript but Python is the main language used."
239,Which kind of programming language are we going to use for my studies in ba course.,"The core elements of the programme are delivered in Python. In other modules we also use; R, Stata and JavaScript but Python is the main language used."
240,Where is the campus of the BA program?,Canary Wharf
241,Where will I study for the BA master course?,Canary Wharf
242,Where is the main campus for BA course?,Canary Wharf
243,"For master in BA, is my campus going to be in main campus or Canary Wharf?",Canary Wharf
244,Where is the BA master campus in Canary Wharf?,Canary Wharf
245,Is there any classes that are held in main Bloomsbury campus for Master in Ba?,Canary Wharf
246,Are all classes held in Canary Wharf for ba?,Canary Wharf
247,Where is the campus of the MSc Business Analytics?,Canary Wharf
248,Where will I study for the Business Analytics master course?,Canary Wharf
249,Where is the main campus for MSc Business Analytics programme?,Canary Wharf
250,"For master in Business Analytics, is my campus going to be in main campus or Canary Wharf?",Canary Wharf
251,Where is the Business Analytics master campus in Canary Wharf?,Canary Wharf
252,Is there any classes that are held in main Bloomsbury campus for Master course in Business Analytics?,Canary Wharf
253,Are all classes held in Canary Wharf for Msc Business Analytics?,Canary Wharf
254,What kind of career support is available for MSc Business Analytics program?,Please visit the careers website for information regarding our dedicated careers support.
255,What career support is provided from MSc Business Analytics?,Please visit the careers website for information regarding our dedicated careers support.
256,Whar career support is available for Business Analytics master?,Please visit the careers website for information regarding our dedicated careers support.
257,Is there any career support for Business Analytic master programme?,Please visit the careers website for information regarding our dedicated careers support.
258,Is there a dedicated career department for Business Analytics program?,Please visit the careers website for information regarding our dedicated careers support.
259,"For Business Analytics master course, do you provide any career support?",Please visit the careers website for information regarding our dedicated careers support.
260,Is there career support for msc business analytics programme?,Please visit the careers website for information regarding our dedicated careers support.
261,What kind of career support is available for ba program?,Please visit the careers website for information regarding our dedicated careers support.
262,What career support is provided from MSc BA?,Please visit the careers website for information regarding our dedicated careers support.
263,Whar career support is available for BA master?,Please visit the careers website for information regarding our dedicated careers support.
264,Is there any career support for BA master programme?,Please visit the careers website for information regarding our dedicated careers support.
265,Is there a dedicated career department for BA program?,Please visit the careers website for information regarding our dedicated careers support.
266,"For BA master course, do you provide any career support?",Please visit the careers website for information regarding our dedicated careers support.
267,Is there career support for msc ba?,Please visit the careers website for information regarding our dedicated careers support.
268,Do I need to interview for the MSc Business Analytics program?,Applicants who meet the entry requirements and are suitable for the course may be invited for an online interview via WePow
269,Is there any interview for msc business analytics?,Applicants who meet the entry requirements and are suitable for the course may be invited for an online interview via WePow
270,What are the interview selection for Business analytics programme?,Applicants who meet the entry requirements and are suitable for the course may be invited for an online interview via WePow
271,"For Business Analytics, do I have to do an interview?",Applicants who meet the entry requirements and are suitable for the course may be invited for an online interview via WePow
272,Are there any interviews for msc business analytics applications?,Applicants who meet the entry requirements and are suitable for the course may be invited for an online interview via WePow
273,"For the Business analytics master, do I have to do an interview?",Applicants who meet the entry requirements and are suitable for the course may be invited for an online interview via WePow
274,Is interview required for the application for Business Analytics programme?,Applicants who meet the entry requirements and are suitable for the course may be invited for an online interview via WePow
275,Do I need to interview for the BA master program?,Applicants who meet the entry requirements and are suitable for the course may be invited for an online interview via WePow
276,Is there any interview for msc ba?,Applicants who meet the entry requirements and are suitable for the course may be invited for an online interview via WePow
277,What are the interview selection for master of ba programme?,Applicants who meet the entry requirements and are suitable for the course may be invited for an online interview via WePow
278,"For BA application, do I have to do an interview?",Applicants who meet the entry requirements and are suitable for the course may be invited for an online interview via WePow
279,Are there any interviews for msc BA applications?,Applicants who meet the entry requirements and are suitable for the course may be invited for an online interview via WePow
280,"For the Ba master, do I have to do an interview?",Applicants who meet the entry requirements and are suitable for the course may be invited for an online interview via WePow
281,Is interview required for the application for BA programme?,Applicants who meet the entry requirements and are suitable for the course may be invited for an online interview via WePow
282,Do I need to take IELTS for my application to the Business Analytics program?,please note that UCL’s English language requirements must be met
283,Is IELTs required for my application to Business Analytics Programme?,please note that UCL’s English language requirements must be met
284,Is IELTs mandatory to apply for Business Analytics program?,please note that UCL’s English language requirements must be met
285,What is the English requirement for Business Analytics master?,please note that UCL’s English language requirements must be met
286,What is the minimum english requirement for master in business analytics?,please note that UCL’s English language requirements must be met
287,Do I have to do ielts for applying business analytics master course?,please note that UCL’s English language requirements must be met
288,What English examination do I need to take in order to apply for MSc Business Analytics?,please note that UCL’s English language requirements must be met
289,Is there an English requirement for Msc Business Analytics?,please note that UCL’s English language requirements must be met
290,"For Business Analytics, what is the English exam requirement?",please note that UCL’s English language requirements must be met
291,"For Business Analytics, what is the IELTs requirement?",please note that UCL’s English language requirements must be met
292,Do I have to take IELTs in order to apply for BA programme?,please note that UCL’s English language requirements must be met
293,Do I need to take IELTS for my application to the BA master?,please note that UCL’s English language requirements must be met
294,Is IELTs required for my application to BA Programme?,please note that UCL’s English language requirements must be met
295,Is IELTs mandatory to apply for ba master program?,please note that UCL’s English language requirements must be met
296,What is the English requirement for BA master?,please note that UCL’s English language requirements must be met
297,What is the minimum english requirement for master in BA?,please note that UCL’s English language requirements must be met
298,Do I have to do ielts for applying ba master course?,please note that UCL’s English language requirements must be met
299,What English examination do I need to take in order to apply for MSc BA?,please note that UCL’s English language requirements must be met
300,Is there an English requirement for ba master?,please note that UCL’s English language requirements must be met
301,"For BA, what is the English exam requirement?",please note that UCL’s English language requirements must be met
302,"For BA master, what is the IELTs requirement?",please note that UCL’s English language requirements must be met
303,Do I have to take IELTs in order to apply for BA programme?,please note that UCL’s English language requirements must be met
304,Is IELTs mandatory for the application of Business Analytics program?,please note that UCL’s English language requirements must be met
305,Is IELTs mandatory for the application of ba master programme?,please note that UCL’s English language requirements must be met
306,What score do I need to get for IELTS for the Business Analytics program?,"an overall grade of 7.0, with a minimum of 6.5 in each of the subtests"
307,What is the minimum score do I need to get for Ielts for MSc Business Analytics?,"an overall grade of 7.0, with a minimum of 6.5 in each of the subtests"
308,What is the lowest score for IELTS do I need to achieve for Business Analytics?,"an overall grade of 7.0, with a minimum of 6.5 in each of the subtests"
309,Is there a minimum requirement in IELTS that I need to achieve for Business Analytics Master Programme?,"an overall grade of 7.0, with a minimum of 6.5 in each of the subtests"
310,What is the minimum overall score for Ielts that I need to get for business analytics?,"an overall grade of 7.0, with a minimum of 6.5 in each of the subtests"
311,What is the minimum requirement for Ielts if I want to apply for MSc Business analytics?,"an overall grade of 7.0, with a minimum of 6.5 in each of the subtests"
312,Is there a subtest minimum requirement for IELTs if I would like to apply for MSc Business analytics?,"an overall grade of 7.0, with a minimum of 6.5 in each of the subtests"
313,What is the subtest requirement for Ietls for Business Analytics?,"an overall grade of 7.0, with a minimum of 6.5 in each of the subtests"
314,What is the IELTS requirement for Business analytics master?,"an overall grade of 7.0, with a minimum of 6.5 in each of the subtests"
315,What score do I need to get for IELTS for the BA program?,"an overall grade of 7.0, with a minimum of 6.5 in each of the subtests"
316,What is the minimum score do I need to get for Ielts for Ba master?,"an overall grade of 7.0, with a minimum of 6.5 in each of the subtests"
317,What is the lowest score for IELTS do I need to achieve for Msc BA?,"an overall grade of 7.0, with a minimum of 6.5 in each of the subtests"
318,Is there a minimum requirement in IELTS that I need to achieve for ba Master Programme?,"an overall grade of 7.0, with a minimum of 6.5 in each of the subtests"
319,What is the minimum overall score for Ielts that I need to get for BA?,"an overall grade of 7.0, with a minimum of 6.5 in each of the subtests"
320,What is the minimum requirement for Ielts if I want to apply for MSc ba?,"an overall grade of 7.0, with a minimum of 6.5 in each of the subtests"
321,Is there a subtest minimum requirement for IELTs if I would like to apply for BA?,"an overall grade of 7.0, with a minimum of 6.5 in each of the subtests"
322,What is the subtest requirement for Ietls for master in BA?,"an overall grade of 7.0, with a minimum of 6.5 in each of the subtests"
323,What is the IELTS requirement for BA master?,"an overall grade of 7.0, with a minimum of 6.5 in each of the subtests"
324,When should I submit my application to the Business Analytics program?,The sooner the better
325,Should I wait until last minute for my application to Business Analytics Master?,The sooner the better
326,When would you suggest me to make the application to Business Analytics?,The sooner the better
327,Will the Business analytics master be full before the deadline?,The sooner the better
328,Will the admission close early before the deadline for Business Analytics?,The sooner the better
329,Is there an advantage to apply early for Business Analytics?,The sooner the better
330,Is there any advantage to make early application for Business analytics?,The sooner the better
331,Is it benefitial to make early applications for MSc Business Analytics?,The sooner the better
332,When should I submit my application to the BA programme?,The sooner the better
333,Should I wait until last minute for my application to BA master?,The sooner the better
334,When would you suggest me to make the application to MSc BAs?,The sooner the better
335,Will the BA master be full before the deadline?,The sooner the better
336,Will the admission close early before the deadline for BA?,The sooner the better
337,Is there an advantage to apply early for Msc BA?,The sooner the better
338,Is there any advantage to make early application for BA?,The sooner the better
339,Is it benefitial to make early applications for MSc BA?,The sooner the better
340,What are the programming languages I will learn from the Msc Business Analytics program?,"The core elements of the programme are delivered in Python. In other modules we also use; R, Stata and JavaScript but Python is the main language used."
341,What programming languages will be used in Msc Business analytics?,"The core elements of the programme are delivered in Python. In other modules we also use; R, Stata and JavaScript but Python is the main language used."
342,"Apart from python, am I going to learn any other programming languages for Business analytics?","The core elements of the programme are delivered in Python. In other modules we also use; R, Stata and JavaScript but Python is the main language used."
343,What are the main programming language that Business analytics course use?,"The core elements of the programme are delivered in Python. In other modules we also use; R, Stata and JavaScript but Python is the main language used."
344,Is python going to be the only programming language that is taught in Business analytics master?,"The core elements of the programme are delivered in Python. In other modules we also use; R, Stata and JavaScript but Python is the main language used."
345,What is the main programming languages that are used for MSc Business Analytics?,"The core elements of the programme are delivered in Python. In other modules we also use; R, Stata and JavaScript but Python is the main language used."
346,"For Business Analytics, what is the main programming language that are used in class?","The core elements of the programme are delivered in Python. In other modules we also use; R, Stata and JavaScript but Python is the main language used."
347,"For business analytics, what is the main programming language that will be taught in class?","The core elements of the programme are delivered in Python. In other modules we also use; R, Stata and JavaScript but Python is the main language used."
348,What are the programming languages I will learn from the Msc BA program?,"The core elements of the programme are delivered in Python. In other modules we also use; R, Stata and JavaScript but Python is the main language used."
349,What programming languages will be used in BA?,"The core elements of the programme are delivered in Python. In other modules we also use; R, Stata and JavaScript but Python is the main language used."
350,"Apart from python, am I going to learn any other programming languages for analytics?","The core elements of the programme are delivered in Python. In other modules we also use; R, Stata and JavaScript but Python is the main language used."
351,What are the main programming language that BA course use?,"The core elements of the programme are delivered in Python. In other modules we also use; R, Stata and JavaScript but Python is the main language used."
352,Is python going to be the only programming language that is taught in ba master?,"The core elements of the programme are delivered in Python. In other modules we also use; R, Stata and JavaScript but Python is the main language used."
353,What is the main programming languages that are used for MSc BA?,"The core elements of the programme are delivered in Python. In other modules we also use; R, Stata and JavaScript but Python is the main language used."
354,"For BA master, what is the main programming language that are used in class?","The core elements of the programme are delivered in Python. In other modules we also use; R, Stata and JavaScript but Python is the main language used."
355,"In the class of BA master, what is the main programming language that will be taught?","The core elements of the programme are delivered in Python. In other modules we also use; R, Stata and JavaScript but Python is the main language used."
356,How can I contact for more information about the MSc Business Analytics program?,the Programme Administrator via: mgmt-ba@ucl.ac.uk
357,Who can I contact for further information regarding MSc Business analytics?,the Programme Administrator via: mgmt-ba@ucl.ac.uk
358,Who should I contact for more details regarding master in business analytics?,the Programme Administrator via: mgmt-ba@ucl.ac.uk
359,Who can I email to request for more details on the business analytics master course?,the Programme Administrator via: mgmt-ba@ucl.ac.uk
360,Is there a contact email for potential canditates to request more information regrading the analytics master course?,the Programme Administrator via: mgmt-ba@ucl.ac.uk
361,Who should I speak to if I have further questions about business analytics master course?,the Programme Administrator via: mgmt-ba@ucl.ac.uk
362,Is there anyone I can talk to if I would like to request futher information regarding the analytics course?,the Programme Administrator via: mgmt-ba@ucl.ac.uk
363,Who should I contact for further details regarding MSC Business analytics course?,the Programme Administrator via: mgmt-ba@ucl.ac.uk
364,How can I contact for more information about the Analytics program?,the Programme Administrator via: mgmt-ba@ucl.ac.uk
365,Who can I contact for further information regarding MSc BA?,the Programme Administrator via: mgmt-ba@ucl.ac.uk
366,Who should I contact for more details regarding master in ba?,the Programme Administrator via: mgmt-ba@ucl.ac.uk
367,Who can I email to request for more details on the analytics master course?,the Programme Administrator via: mgmt-ba@ucl.ac.uk
368,Is there a contact email for potential canditates to request more information regrading the ba master course?,the Programme Administrator via: mgmt-ba@ucl.ac.uk
369,Who should I speak to if I have further questions about BA master course?,the Programme Administrator via: mgmt-ba@ucl.ac.uk
370,Is there anyone I can talk to if I would like to request futher information regarding the BA master course?,the Programme Administrator via: mgmt-ba@ucl.ac.uk
371,Who should I contact for further details regarding MSC BA?,the Programme Administrator via: mgmt-ba@ucl.ac.uk
372,How long is the MSc Business Analytics program?,a full calendar year from mid- September to mid-September
373,How long is the Business Analytics course?,a full calendar year from mid- September to mid-September
374,Does the analytics master going to last for the whole year?,a full calendar year from mid- September to mid-September
375,Is the Business analytics master going to last for a full calender year?,a full calendar year from mid- September to mid-September
376,What is the length of Business Analytics programme?,a full calendar year from mid- September to mid-September
377,"For the analytics programme, is it going to last for the whole year?",a full calendar year from mid- September to mid-September
378,"For Analytics master program, is the course going to last for the full 12 months?",a full calendar year from mid- September to mid-September
379,How long is MSc BA?,a full calendar year from mid- September to mid-September
380,How long is the BA course?,a full calendar year from mid- September to mid-September
381,Does the BA master going to last for the whole year?,a full calendar year from mid- September to mid-September
382,Is the analytics master going to last for a full calender year?,a full calendar year from mid- September to mid-September
383,What is the length of MSc BA programme?,a full calendar year from mid- September to mid-September
384,"For BA programme, is it going to last for the whole year?",a full calendar year from mid- September to mid-September
385,"For BA master program, is the course going to last for the full 12 months?",a full calendar year from mid- September to mid-September
386,What is the study mode of the MSc Business Analytics program?,full-time
387,Is the Business analytics programme a full time study?,full-time
388,Do I have to study full time for the analytics master programme?,full-time
389,What is the mode of study for MSC Business Analytics?,full-time
390,"For Business Analytics, what will the mode of study be like?",full-time
391,"For analytics master, is the course a full time study?",full-time
392,What is the study mode of the MSc BA?,full-time
393,Is the analytics programme a full time study?,full-time
394,Do I have to study full time for the BA master programme?,full-time
395,What is the mode of study for BA?,full-time
396,"For MSc BA, what will the mode of study be like?",full-time
397,"For BA master, is the course a full time study?",full-time
398,What is the study location of the Business Analytics program?,Canary Wharf
399,Where are the classes going to be held for Business Analytics program?,Canary Wharf
400,Are any classes going to be held in Canary Wharf for Business Analytics?,Canary Wharf
401,Where is the study location for the Analytics programme?,Canary Wharf
402,Where will the classes be held for MSc Business Analytics?,Canary Wharf
403,"For Business analytics, where will the class be conducted?",Canary Wharf
404,"For Analytics master degree, where will the classes be taught?",Canary Wharf
405,What is the study location for BA program?,Canary Wharf
406,Where are the classes going to be held for MSc BA program?,Canary Wharf
407,Are any classes going to be held in Canary Wharf for BA?,Canary Wharf
408,Where is the study location for ba?,Canary Wharf
409,Where will the classes be held for MSc ba?,Canary Wharf
410,"For master of analytics, where will the class be conducted?",Canary Wharf
411,"For BA master degree, where will the classes be taught?",Canary Wharf
412,Can I enrol in BA part-time?,"No, unfortunately this programme is not offered as a part-time study."
413,Is it possible to study BA part time?,"No, unfortunately this programme is not offered as a part-time study."
414,Is there a part time option for the BA course?,"No, unfortunately this programme is not offered as a part-time study."
415,Is ba master offerred as a part-time study?,"No, unfortunately this programme is not offered as a part-time study."
416,Is it possible to enrol in a part time ba course?,"No, unfortunately this programme is not offered as a part-time study."
417,Can I apply for a part-time analytics master study?,"No, unfortunately this programme is not offered as a part-time study."
418,Would it be possible to make the BA program part-time?,"No, unfortunately this programme is not offered as a part-time study."
419,Is there an option to study the BA master part time?,"No, unfortunately this programme is not offered as a part-time study."
420,"For the analytics programme, is it possible to do it part time?","No, unfortunately this programme is not offered as a part-time study."
421,Can I enrol in Business Analytics course part-time?,"No, unfortunately this programme is not offered as a part-time study."
422,Is it possible to study Msc business analytics part time?,"No, unfortunately this programme is not offered as a part-time study."
423,Is there a part time option for the business analytics master?,"No, unfortunately this programme is not offered as a part-time study."
424,Is the master of business analytics offerred as a part-time study?,"No, unfortunately this programme is not offered as a part-time study."
425,Is it possible to enrol in a part time business analytics course?,"No, unfortunately this programme is not offered as a part-time study."
426,Can I apply for a part-time business analytics study?,"No, unfortunately this programme is not offered as a part-time study."
427,Would it be possible to make the MSc Business Analytics program part-time?,"No, unfortunately this programme is not offered as a part-time study."
428,Is there an option to study the Business Analytics master part time?,"No, unfortunately this programme is not offered as a part-time study."
429,"For the master of business analytics programme, is it possible to do it part time?","No, unfortunately this programme is not offered as a part-time study."
430,What is the career prospect if I study this Business Analytics program?,"Graduates from this programme will be highly employable in global companies and high growth businesses, finance and banking organisations and consulting firms."
431,What company does Business analytics usually works for after graduation?,"Graduates from this programme will be highly employable in global companies and high growth businesses, finance and banking organisations and consulting firms."
432,What sort of job do the graudates from Business Analytics master usually get?,"Graduates from this programme will be highly employable in global companies and high growth businesses, finance and banking organisations and consulting firms."
433,What carrer prospect should I expect after graduating from Master of Business Analytics?,"Graduates from this programme will be highly employable in global companies and high growth businesses, finance and banking organisations and consulting firms."
434,What industry do the graduates usually go for after studying the MSc Business analytics programme?,"Graduates from this programme will be highly employable in global companies and high growth businesses, finance and banking organisations and consulting firms."
435,What jobs will a Business analytics studuent expected to go into after graduation?,"Graduates from this programme will be highly employable in global companies and high growth businesses, finance and banking organisations and consulting firms."
436,"After graudating from analytics master, what sort of jobs do people usually go into?","Graduates from this programme will be highly employable in global companies and high growth businesses, finance and banking organisations and consulting firms."
437,What is the career prospect if I study the BA program?,"Graduates from this programme will be highly employable in global companies and high growth businesses, finance and banking organisations and consulting firms."
438,What company does ba student usually works for after graduation?,"Graduates from this programme will be highly employable in global companies and high growth businesses, finance and banking organisations and consulting firms."
439,What sort of job do the graudates from BA master usually get?,"Graduates from this programme will be highly employable in global companies and high growth businesses, finance and banking organisations and consulting firms."
440,What carrer prospect should I expect after graduating from Master of Analytics?,"Graduates from this programme will be highly employable in global companies and high growth businesses, finance and banking organisations and consulting firms."
441,What industry do the graduates usually go for after studying the BA course?,"Graduates from this programme will be highly employable in global companies and high growth businesses, finance and banking organisations and consulting firms."
442,What jobs will a ba studuent expected to go into after graduation?,"Graduates from this programme will be highly employable in global companies and high growth businesses, finance and banking organisations and consulting firms."
443,"After graudating from BA master, what sort of jobs do people usually go into?","Graduates from this programme will be highly employable in global companies and high growth businesses, finance and banking organisations and consulting firms."
444,What faculty is the Msc Business Analytics under?,School of Management
445,"For MSc Business Analytics, what faculty is the course under?",School of Management
446,What faculty in UCL is the analytics master under?,School of Management
447,What faculty is the Msc BA under?,School of Management
448,"For ba, what faculty is the course under?",School of Management
449,What faculty in UCL is the business analytics master under?,School of Management
450,What faculty is the master of BA under?,School of Management
451,"For BA master, what faculty is the course under?",School of Management
452,What faculty in UCL is the master of BA under?,School of Management
453,Do I need to submit a personal statement for my application to the Business Analytics program?,The personal statement is an opportunity to illustrate whether your reasons for applying to this programme match what the programme will deliver.
454,Is a personal statement required for my application to business analytics master?,The personal statement is an opportunity to illustrate whether your reasons for applying to this programme match what the programme will deliver.
455,Is personal statement a mandatory requirement for my application to MSc Business Analytics?,The personal statement is an opportunity to illustrate whether your reasons for applying to this programme match what the programme will deliver.
456,Is it necessary to include a personal statement when applying for analytics master?,The personal statement is an opportunity to illustrate whether your reasons for applying to this programme match what the programme will deliver.
457,Do I have to write a personal statement for the application of Business analytics course?,The personal statement is an opportunity to illustrate whether your reasons for applying to this programme match what the programme will deliver.
458,Is personal statement important in my application for Business Analytics master course?,The personal statement is an opportunity to illustrate whether your reasons for applying to this programme match what the programme will deliver.
459,Why do I need to include a personal statement in my application for Analytics master?,The personal statement is an opportunity to illustrate whether your reasons for applying to this programme match what the programme will deliver.
460,Should I include personal statements in my business analyics master's application?,The personal statement is an opportunity to illustrate whether your reasons for applying to this programme match what the programme will deliver.
461,What is the benefit of attaching a personal statement with my analytics master's application?,The personal statement is an opportunity to illustrate whether your reasons for applying to this programme match what the programme will deliver.
462,Why is a personal statement required for Business Analytics master application?,The personal statement is an opportunity to illustrate whether your reasons for applying to this programme match what the programme will deliver.
463,Do I need to submit a personal statement for my application to BA program?,The personal statement is an opportunity to illustrate whether your reasons for applying to this programme match what the programme will deliver.
464,Is a personal statement required for my application to ba?,The personal statement is an opportunity to illustrate whether your reasons for applying to this programme match what the programme will deliver.
465,Is personal statement a mandatory requirement for my application to MSc BA?,The personal statement is an opportunity to illustrate whether your reasons for applying to this programme match what the programme will deliver.
466,Is it necessary to include a personal statement when applying for Business analytics master?,The personal statement is an opportunity to illustrate whether your reasons for applying to this programme match what the programme will deliver.
467,Do I have to write a personal statement for the application of Ba course?,The personal statement is an opportunity to illustrate whether your reasons for applying to this programme match what the programme will deliver.
468,Is personal statement important in my application for BA master course?,The personal statement is an opportunity to illustrate whether your reasons for applying to this programme match what the programme will deliver.
469,Why do I need to include a personal statement in my application for Business Analytics master?,The personal statement is an opportunity to illustrate whether your reasons for applying to this programme match what the programme will deliver.
470,Should I include personal statements in my ba master's application?,The personal statement is an opportunity to illustrate whether your reasons for applying to this programme match what the programme will deliver.
471,What is the benefit of attaching a personal statement with my business analytics master's application?,The personal statement is an opportunity to illustrate whether your reasons for applying to this programme match what the programme will deliver.
472,Why is a personal statement required for BA application?,The personal statement is an opportunity to illustrate whether your reasons for applying to this programme match what the programme will deliver.
473,What do I need to include in my personal statement when applying to MSc Business Analytics?,"Why you want to study Business Analytics at a postgraduate level; 
What particularly attracts you to this programme and to UCL; 
How your academic and professional background meets the demands of this challenging programme; 
What your post-degree aspirations are. "
474,What should I talk about in my personal statement for Business Analytics?,"Why you want to study Business Analytics at a postgraduate level; 
What particularly attracts you to this programme and to UCL; 
How your academic and professional background meets the demands of this challenging programme; 
What your post-degree aspirations are. "
475,What should be included in my personal statement for Master of analytics?,"Why you want to study Business Analytics at a postgraduate level; 
What particularly attracts you to this programme and to UCL; 
How your academic and professional background meets the demands of this challenging programme; 
What your post-degree aspirations are. "
476,What are you looking for in the personal statement for Business Analytic?,"Why you want to study Business Analytics at a postgraduate level; 
What particularly attracts you to this programme and to UCL; 
How your academic and professional background meets the demands of this challenging programme; 
What your post-degree aspirations are. "
477,What details should I go into regarding my personal statement for master of business analytics?,"Why you want to study Business Analytics at a postgraduate level; 
What particularly attracts you to this programme and to UCL; 
How your academic and professional background meets the demands of this challenging programme; 
What your post-degree aspirations are. "
478,"For my personal statement, what content are you looking for regarding MSc Business analytics?","Why you want to study Business Analytics at a postgraduate level; 
What particularly attracts you to this programme and to UCL; 
How your academic and professional background meets the demands of this challenging programme; 
What your post-degree aspirations are. "
479,What content are you looking for in my personal statement when applying for MSc Business analytics?,"Why you want to study Business Analytics at a postgraduate level; 
What particularly attracts you to this programme and to UCL; 
How your academic and professional background meets the demands of this challenging programme; 
What your post-degree aspirations are. "
480,"When applying for Business Analytics, what do you want me to write for the personal statement?","Why you want to study Business Analytics at a postgraduate level; 
What particularly attracts you to this programme and to UCL; 
How your academic and professional background meets the demands of this challenging programme; 
What your post-degree aspirations are. "
481,"When applying for Business Analytics, what should be included in the personal statement?","Why you want to study Business Analytics at a postgraduate level; 
What particularly attracts you to this programme and to UCL; 
How your academic and professional background meets the demands of this challenging programme; 
What your post-degree aspirations are. "
482,What do I need to include in my personal statement when applying to BA programme?,"Why you want to study Business Analytics at a postgraduate level; 
What particularly attracts you to this programme and to UCL; 
How your academic and professional background meets the demands of this challenging programme; 
What your post-degree aspirations are. "
483,What should I talk about in my personal statement for Ba?,"Why you want to study Business Analytics at a postgraduate level; 
What particularly attracts you to this programme and to UCL; 
How your academic and professional background meets the demands of this challenging programme; 
What your post-degree aspirations are. "
484,What should be included in my personal statement for Master of BA?,"Why you want to study Business Analytics at a postgraduate level; 
What particularly attracts you to this programme and to UCL; 
How your academic and professional background meets the demands of this challenging programme; 
What your post-degree aspirations are. "
485,What are you looking for in the personal statement for MSc BA?,"Why you want to study Business Analytics at a postgraduate level; 
What particularly attracts you to this programme and to UCL; 
How your academic and professional background meets the demands of this challenging programme; 
What your post-degree aspirations are. "
486,What details should I go into regarding my personal statement for master of analytics?,"Why you want to study Business Analytics at a postgraduate level; 
What particularly attracts you to this programme and to UCL; 
How your academic and professional background meets the demands of this challenging programme; 
What your post-degree aspirations are. "
487,"For my personal statement, what content are you looking for regarding MSc BA's application?","Why you want to study Business Analytics at a postgraduate level; 
What particularly attracts you to this programme and to UCL; 
How your academic and professional background meets the demands of this challenging programme; 
What your post-degree aspirations are. "
488,What content are you looking for in my personal statement when applying for BA?,"Why you want to study Business Analytics at a postgraduate level; 
What particularly attracts you to this programme and to UCL; 
How your academic and professional background meets the demands of this challenging programme; 
What your post-degree aspirations are. "
489,"When applying for MSc BA, what do you want me to write for the personal statement?","Why you want to study Business Analytics at a postgraduate level; 
What particularly attracts you to this programme and to UCL; 
How your academic and professional background meets the demands of this challenging programme; 
What your post-degree aspirations are. "
490,"When applying for ba master, what should be included in the personal statement?","Why you want to study Business Analytics at a postgraduate level; 
What particularly attracts you to this programme and to UCL; 
How your academic and professional background meets the demands of this challenging programme; 
What your post-degree aspirations are. "
491,Do I get to know the reason of unsuccessful application to MSc Business Analytics?,we are unable to give details as to why individual applications have been unsuccessful
492,How can I find out the rejection reason for Business Analytics programme's application?,we are unable to give details as to why individual applications have been unsuccessful
493,"If I applied for Business analytics and get rejected, can I know why?",we are unable to give details as to why individual applications have been unsuccessful
494,"If my application to analytics master is unsuccessful, would you be able to provide feedback?",we are unable to give details as to why individual applications have been unsuccessful
495,"If my application to business analytics master is unsuccessful, can I find out why?",we are unable to give details as to why individual applications have been unsuccessful
496,"If my application to MSc Business analytics is unsuccessful,  how can I find out the feedback?",we are unable to give details as to why individual applications have been unsuccessful
497,Is there any feedback if my application to business Analytics master is rejected?,we are unable to give details as to why individual applications have been unsuccessful
498,How can I obtain feedback if my application to business Analytics master is unsuccessful?,we are unable to give details as to why individual applications have been unsuccessful
499,Do I get to know the reason of unsuccessful application to BA?,we are unable to give details as to why individual applications have been unsuccessful
500,How can I find out the rejection reason for analytics programme's application?,we are unable to give details as to why individual applications have been unsuccessful
501,"If I applied for master of BA and get rejected, can I know why?",we are unable to give details as to why individual applications have been unsuccessful
502,"If my application to master of business analytics is unsuccessful, would you be able to provide feedback?",we are unable to give details as to why individual applications have been unsuccessful
503,"If my application to ba master is unsuccessful, can I find out why?",we are unable to give details as to why individual applications have been unsuccessful
504,"If my application to BA master is unsuccessful,  how can I find out the feedback?",we are unable to give details as to why individual applications have been unsuccessful
505,Is there any feedback if my application to Msc analytics is rejected?,we are unable to give details as to why individual applications have been unsuccessful
506,How can I obtain feedback if my application to analytics master is unsuccessful?,we are unable to give details as to why individual applications have been unsuccessful
507,How do I apply to Msc Business Analytics?,UCL’s online portal
508,How to apply for Business analytics master?,UCL’s online portal
509,Where to apply for analytics master program?,UCL’s online portal
510,What are the ways to apply for business analytics master programme?,UCL’s online portal
511,"I am very interested in the Master of Business analytics, where should I apply?",UCL’s online portal
512,Is there a application portal for business analytics master?,UCL’s online portal
513,Can I apply analytics master programme online?,UCL’s online portal
514,How can I apply MSc Business Analytics programme online?,UCL’s online portal
515,How do I apply to the BA course?,UCL’s online portal
516,How to apply for BA master?,UCL’s online portal
517,Where to apply for Business analytics master program?,UCL’s online portal
518,What are the ways to apply for analytics master programme?,UCL’s online portal
519,"I am very interested in the BA programme, where should I apply?",UCL’s online portal
520,Is there a application portal for MSC business analytics?,UCL’s online portal
521,Can I apply Business analytics master programme online?,UCL’s online portal
522,How can I apply MSc BA programme online?,UCL’s online portal
523,What do I need to provide for my application to MSc Business Analytics?,"You will need to include a degree transcript in one of the suggested disciplines, two references, and a personal statement. Overseas applicants should also supply evidence of their English language ability usually via an IELTS test."
524,What information do I need to provide for my MSc business analytics' application?,"You will need to include a degree transcript in one of the suggested disciplines, two references, and a personal statement. Overseas applicants should also supply evidence of their English language ability usually via an IELTS test."
525,"If I want to make an application now for business analytics master, what do I need to provide?","You will need to include a degree transcript in one of the suggested disciplines, two references, and a personal statement. Overseas applicants should also supply evidence of their English language ability usually via an IELTS test."
526,What documents and information will be needed for my application to master in analytics?,"You will need to include a degree transcript in one of the suggested disciplines, two references, and a personal statement. Overseas applicants should also supply evidence of their English language ability usually via an IELTS test."
527,Is there specific documents and information that I need to provide for my application to business analytics master?,"You will need to include a degree transcript in one of the suggested disciplines, two references, and a personal statement. Overseas applicants should also supply evidence of their English language ability usually via an IELTS test."
528,What informations and documentations are required for my business analytics master application?,"You will need to include a degree transcript in one of the suggested disciplines, two references, and a personal statement. Overseas applicants should also supply evidence of their English language ability usually via an IELTS test."
529,What do I need to provide for my application to BA master?,"You will need to include a degree transcript in one of the suggested disciplines, two references, and a personal statement. Overseas applicants should also supply evidence of their English language ability usually via an IELTS test."
530,What information do I need to provide for my MSc ba' application?,"You will need to include a degree transcript in one of the suggested disciplines, two references, and a personal statement. Overseas applicants should also supply evidence of their English language ability usually via an IELTS test."
531,"If I want to make an application now for BA master, what do I need to provide?","You will need to include a degree transcript in one of the suggested disciplines, two references, and a personal statement. Overseas applicants should also supply evidence of their English language ability usually via an IELTS test."
532,What documents and information will be needed for my application to BA programme?,"You will need to include a degree transcript in one of the suggested disciplines, two references, and a personal statement. Overseas applicants should also supply evidence of their English language ability usually via an IELTS test."
533,Is there specific documents and information that I need to provide for my application to master of BA?,"You will need to include a degree transcript in one of the suggested disciplines, two references, and a personal statement. Overseas applicants should also supply evidence of their English language ability usually via an IELTS test."
534,What informations and documentations are required for my BA master application?,"You will need to include a degree transcript in one of the suggested disciplines, two references, and a personal statement. Overseas applicants should also supply evidence of their English language ability usually via an IELTS test."
535,Can I discuss with faulty to check my eligibility of MSc Business Analytics?,We consider such requests on a “case by case” basis.
536,Who can I talk to and see whether I am eligible for Business analytics master programme?,We consider such requests on a “case by case” basis.
537,Can I discuss with admission staff whether I am eligible for MSc business analytics or not?,We consider such requests on a “case by case” basis.
538,Would it be possible to reach out to admission staff to disccuss about my eligibility for the master in analytics program?,We consider such requests on a “case by case” basis.
539,Can I talk to someone from the faculty to see whether I am eligible for the Business analytics course or not?,We consider such requests on a “case by case” basis.
540,is it possible to contact admission to check my eligiblity in apply for Business analytics master?,We consider such requests on a “case by case” basis.
541,Can I discuss with faulty to check my eligibility for BA?,We consider such requests on a “case by case” basis.
542,Who can I talk to and see whether I am eligible for the master in ba?,We consider such requests on a “case by case” basis.
543,Can I discuss with admission staff whether I am eligible for analytics master or not?,We consider such requests on a “case by case” basis.
544,Would it be possible to reach out to admission staff to disccuss about my eligibility for the master in ba?,We consider such requests on a “case by case” basis.
545,Can I talk to someone from the faculty to see whether I am eligible for the BA course or not?,We consider such requests on a “case by case” basis.
546,is it possible to contact admission to check my eligiblity in apply for msc ba?,We consider such requests on a “case by case” basis.
547,What are the accommodation options if I get admitted to MSc Business Analytics?,Please see student accommodation for details of accommodation available at UCL.
548,Where should I live if I am doing the business analytics course?,Please see student accommodation for details of accommodation available at UCL.
549,Does UCL provide student accomodation for students in MSc Business Analytics?,Please see student accommodation for details of accommodation available at UCL.
550,Can I book accomodation via UCL if I am admitted to business analytics master program?,Please see student accommodation for details of accommodation available at UCL.
551,Which area does people usually live when studying MSc Business Analytics master course in London?,Please see student accommodation for details of accommodation available at UCL.
552,What accomodations are avaliable for studnets studying master in analytics?,Please see student accommodation for details of accommodation available at UCL.
553,Is there a lot of choice in accomdations for students studying MSc Business Analytics?,Please see student accommodation for details of accommodation available at UCL.
554,What are the accommodation options if I get admitted to BA?,Please see student accommodation for details of accommodation available at UCL.
555,Where should I live if I am doing the analytics course?,Please see student accommodation for details of accommodation available at UCL.
556,Does UCL provide student accomodation for students in MSc ba?,Please see student accommodation for details of accommodation available at UCL.
557,Can I book accomodation via UCL if I am admitted to BA master program?,Please see student accommodation for details of accommodation available at UCL.
558,Which area does people usually live when studying ba master course in London?,Please see student accommodation for details of accommodation available at UCL.
559,What accomodations are avaliable for studnets studying master in Ba?,Please see student accommodation for details of accommodation available at UCL.
560,Is there a lot of choice in accomdations for students studying MScBA?,Please see student accommodation for details of accommodation available at UCL.
561,Is there any student halls that are near to the campus if if I enroll in the MSc Business Analytics program?,Please see student accommodation for details of accommodation available at UCL.
562,Is there any student accomdations that are approximate to the campus if if I enroll in the MSc Business Analytics program?,Please see student accommodation for details of accommodation available at UCL.
563,Is there any halls of residence that are close to the campus if if I am studying business analytics?,Please see student accommodation for details of accommodation available at UCL.